{"imei":"861551056435449","wifis":[{"mac":"6EB158564935","rssi":-46},{"mac":"6CB158A64935","rssi":-47},{"mac":"88C397CE0E89","rssi":-62},{"mac":"8EC397CE0E89","rssi":-63},{"mac":"A439B3D208A2","rssi":-68},{"mac":"AA39B3D208A2","rssi":-70},{"mac":"50D2F516AA9D","rssi":-76},{"mac":"8CDEF97FEB89","rssi":-78},{"mac":"345BBBF2D112","rssi":-78},{"mac":"6C06D6080B30","rssi":-82},{"mac":"92DEF97FEB89","rssi":-86},{"mac":"3446ECF3AEE1","rssi":-86},{"mac":"0C31DCC75D34","rssi":-86},{"mac":"3446ECD3AEDC","rssi":-87},{"mac":"1475905ABE04","rssi":-89},{"mac":"143CC39C61CC","rssi":-89},{"mac":"3095E361696D","rssi":-91},{"mac":"CC08FB75FE85","rssi":-91},{"mac":"3295E311696D","rssi":-92},{"mac":"A29D7E7E6223","rssi":-93}],"iccid":"89860323750207458090","unique_id":"3238363435061A4C4330","key":"freedemo"}